param_name,seed,avg_test_pcc,avg_test_rmse,avg_train_pcc,avg_train_rmse,fold01_test_pcc,fold02_test_pcc,fold03_test_pcc,fold04_test_pcc,fold05_test_pcc,fold06_test_pcc,fold07_test_pcc,fold08_test_pcc,fold09_test_pcc,fold10_test_pcc
thresh10.0_step0.5,0,0.7131232064466658,1.3225670430510637,0.9993504238181845,0.07604801082653556,0.6919709888766721,0.7145649380770216,0.702815412848851,0.7030620820081511,0.7045084539745494,0.7310242169586726,0.7161286444300368,0.7687737111487609,0.7214181733931289,0.6769654427508136
thresh10.0_step0.5,1,0.7138363580745312,1.3211177061688786,0.9993562916027964,0.07569744125901715,0.6912326960771595,0.7105205252303277,0.70569488614506,0.7059844479986477,0.7049312012230994,0.727195634026444,0.720365379331646,0.771216968519509,0.7228331298120336,0.678388712381384
thresh10.0_step0.5,2,0.7137733011396743,1.3210018555502763,0.9993510402447121,0.07602673431487908,0.690144593706987,0.7126163106975307,0.7084710445987277,0.7044931521150914,0.7066847680327271,0.7316598398104022,0.7173596119678228,0.7711483018893759,0.7197631642240991,0.6753922243539784
thresh10.0_step0.5,3,0.7151601498763263,1.3184863466653316,0.9993561131412717,0.07571759036753209,0.6908497723441094,0.7122321888469436,0.7083539315211437,0.7043678408412752,0.7080429836290829,0.7308327772122255,0.7214168292627173,0.7683513568264744,0.7230887096383991,0.6840651086408913
thresh10.0_step0.5,4,0.7142589833566548,1.320246313480606,0.9993512357206248,0.0760041878823631,0.6876992356138851,0.7141776801834385,0.7056191442206918,0.7030847618749088,0.7092430937985836,0.7300893879345322,0.7190170437464554,0.7694627188515553,0.726092899310357,0.6781038680321406
thresh10.0_step0.5,5,0.7148727919627813,1.319315091448917,0.9993531730996421,0.0758732040949546,0.6899738475270354,0.7133126654114403,0.7073417754821147,0.7057849813531201,0.7059489772867698,0.7331656180317372,0.7189481556379913,0.7689104426890165,0.7243312330042827,0.6810102232043049
thresh10.0_step0.5,6,0.7142445928011626,1.3201976088428853,0.999351860649045,0.07595782294180971,0.6922264569028542,0.7140450531249907,0.7073293275398052,0.7055058964417491,0.7093445421937132,0.7305602219180449,0.7154897565451991,0.7683138908862988,0.7208330125977398,0.6787977698612316
thresh10.0_step0.5,7,0.7146249062010717,1.319670318993258,0.9993594776997995,0.07553299339090515,0.6948686004191534,0.7124204723064611,0.707420038442784,0.7048519581073864,0.7041803159191484,0.730878364270698,0.7197118924824439,0.767913506978293,0.723790660788669,0.680213252295679
thresh10.0_step0.5,8,0.7139712587033786,1.3210025013286082,0.9993575663393269,0.07562582285916727,0.6918620935909838,0.7107660083037282,0.7069583411194998,0.704379904621385,0.7048463362357846,0.7313387465749663,0.7178880771973881,0.7712126728598345,0.7197922731175157,0.6806681334126999
thresh10.0_step0.5,9,0.714237481850396,1.320285654108035,0.9993528875769471,0.07586771408372232,0.6898355235745348,0.7131974549923903,0.706379577109687,0.7047767167295473,0.7062954511120297,0.7274498097405949,0.7203183890573819,0.7694036245418885,0.7256013834137346,0.6791168882321696
thresh10.0_step1.0,0,0.7184557711163845,1.3108718448817513,0.9994374286446236,0.06965001700940301,0.698926733660367,0.7209742049626826,0.7121232211239974,0.7082286063555393,0.7129595442050005,0.7337899818447614,0.716333020484319,0.771985277377575,0.7210570138664929,0.6881801072831099
thresh10.0_step1.0,1,0.7188922568705534,1.310211130896509,0.999437358137879,0.06962920130136216,0.699526948061941,0.7191767615367815,0.7128475022671198,0.7102575083618963,0.7140581640611826,0.7310235017257961,0.7210290035938298,0.7717333896484087,0.7227052236047069,0.6865645658438717
thresh10.0_step1.0,2,0.7196995880083261,1.3086722601937486,0.9994357016752747,0.0697507223236272,0.6991054683089203,0.7202309524568902,0.7099957887150083,0.7094406192796412,0.718967966179447,0.7341869142481535,0.7218107534211606,0.7724461645698514,0.7225774377713033,0.6882338151328856
thresh10.0_step1.0,3,0.7188143454554805,1.3104052654519107,0.9994454749698172,0.06912030354011936,0.6979691446921077,0.7212455257963425,0.7124044697741152,0.7078370951757822,0.715707604816191,0.7304984025441399,0.7164881752720689,0.7750160064779015,0.72254304413999,0.6884339858661659
thresh10.0_step1.0,4,0.7186554103323811,1.3105308885152511,0.9994372451198507,0.06963151949257854,0.7007149519825122,0.7191667064691443,0.7118106942570435,0.7090183011238278,0.7146471698318121,0.7323698863315051,0.7207391672286305,0.7718283983784682,0.7234028627476214,0.6828559649732466
thresh10.0_step1.0,5,0.7201606153711725,1.3077002247975986,0.9994398619457672,0.06945662054102167,0.6988006173312407,0.7241483121866463,0.7111138978206515,0.7079527173658597,0.714789522239291,0.7367477921039554,0.7193692547401909,0.7765352605847055,0.7258892188497867,0.6862595604893974
thresh10.0_step1.0,6,0.7201142802074021,1.3078152474955436,0.999439374143033,0.06950698875622033,0.7050717113563005,0.7246115890457372,0.7107919236223352,0.7115180002249419,0.714019998725091,0.7346820849038297,0.7202045450122252,0.771655216054663,0.7194242644684036,0.6891634686604944
thresh10.0_step1.0,7,0.7183528144428486,1.3115296612441778,0.9994415186895713,0.06940136600589245,0.6982093762425909,0.7161248611581741,0.7115691737076744,0.711074521259656,0.7106717660282396,0.7329622902205455,0.7220392810163245,0.7722461189640968,0.719328052151521,0.689302703679664
thresh10.0_step1.0,8,0.7195627185862417,1.308619365298762,0.9994404177722094,0.0694508481896248,0.6951141254483655,0.7229548168001754,0.7159187482463403,0.713352767764238,0.7145333216857094,0.7308842658224706,0.7186156360228315,0.7751117397441036,0.7241360340462609,0.6850057302819216
thresh10.0_step1.0,9,0.7193641676275035,1.3089944353932947,0.9994374860753507,0.06963484359177018,0.6958006737202403,0.7246098000704855,0.7130908974650332,0.70683390194837,0.7175433714358461,0.7330036549612269,0.7168833268191015,0.7750782669778411,0.7229254970928173,0.6878722857840734
thresh10.0_step1.5,0,0.7206606905246582,1.3060788833296688,0.9993554597865648,0.07378706772971992,0.7028060608624747,0.7249925597659241,0.7127997796664676,0.7029884082155836,0.7222698218776309,0.7357951001093954,0.7199164381146944,0.771281493993701,0.7290601115386195,0.6846971311020902
thresh10.0_step1.5,1,0.7211085926015983,1.305379643754854,0.999363750522571,0.07330661470836392,0.6993033263935171,0.7252970619409095,0.7141099844078039,0.7097781781156436,0.7222323718741641,0.7333185604103938,0.7206175908374157,0.7698820261257213,0.7299198412210113,0.6866269846894026
thresh10.0_step1.5,2,0.7212470907547577,1.3051416475420854,0.9993595083887163,0.07354672297485701,0.702771488473555,0.724445684936546,0.7132570439510082,0.7047829723888503,0.7194158456242254,0.7376022879504835,0.7178085436179146,0.774797431110086,0.7307726189902561,0.68681699050465
thresh10.0_step1.5,3,0.7205695692577356,1.3064146200967397,0.9993601834720526,0.07349774745694589,0.7016644758452546,0.7240283617237688,0.7122572123477084,0.7050644900176062,0.7203669113608425,0.7342551738136505,0.7191974727594053,0.7720398015739827,0.728207056239989,0.6886147368951481
thresh10.0_step1.5,4,0.7204234552685846,1.3065569434700994,0.9993650007559707,0.07323359736207982,0.7048402920806394,0.723580671584579,0.713393928891807,0.7047682837941789,0.7201057950898822,0.734554609883695,0.7191751973871338,0.7733709044871633,0.7255290044175886,0.6849158650691792
thresh10.0_step1.5,5,0.7220925088517113,1.3035828817011959,0.9993624728174414,0.0733664301241175,0.7069682331969827,0.7248777595525322,0.711270885721818,0.7071872467627937,0.7209016805349711,0.7369131097624535,0.7199616460934694,0.7748262863697084,0.731325061049454,0.6866931794729301
thresh10.0_step1.5,6,0.7205477859198044,1.306270547042986,0.9993585966390706,0.0736023139082734,0.7024821686275133,0.7248543149942849,0.7128928025552628,0.709217979545999,0.7212534053289728,0.7328452097267331,0.7191142720046614,0.7703949938942014,0.7299697128820155,0.6824529996383998
thresh10.0_step1.5,7,0.719619348787198,1.3080061702332124,0.9993606993068802,0.0734955317186253,0.6984513559449934,0.7178738592502344,0.71301684599466,0.7033985344388649,0.7216073293728666,0.7349869588260911,0.7209119828711237,0.7729690788763222,0.7282569289701781,0.6847206133266464
thresh10.0_step1.5,8,0.7211106534229085,1.3053581753782688,0.9993663426958929,0.07311974756848921,0.7038574718587972,0.7226218136213598,0.711095510027401,0.7058180091098716,0.7188677473770303,0.7359840801988881,0.7184150765643589,0.7743239920992329,0.7319373383211192,0.6881854950510264
thresh10.0_step1.5,9,0.7203643726303828,1.3069478535853196,0.999367241282699,0.07309810605002151,0.7031361725260448,0.7247233290818702,0.7142590840008072,0.7054088942372783,0.7232760275076096,0.7329519374086187,0.7165127824047067,0.7701442935013407,0.72737690416545,0.685854301470102
thresh10.0_step2.0,0,0.7219820720121154,1.3032069741492713,0.9993851119115831,0.07178902352788213,0.7058627365546095,0.7278448442020475,0.7123989317737085,0.706090521926696,0.7238329581717069,0.7376707119394045,0.7209482803160027,0.7776495679506026,0.7216126203091784,0.6859095469771972
thresh10.0_step2.0,1,0.7208903108936209,1.3056146988485746,0.9993855648978384,0.07173684669862493,0.7038794563871134,0.7282447361816153,0.7101890968691866,0.7050825084118201,0.7215861517082147,0.7385516956952269,0.720206096505273,0.7750455912986571,0.7204761230274916,0.6856416528516096
thresh10.0_step2.0,2,0.7219577845138774,1.3034215552723392,0.9993904654142497,0.07145860844469587,0.7016317099614577,0.7263810953764354,0.7128393466945349,0.7062866938728865,0.7223935157348431,0.7389434690489793,0.7179431523670331,0.7797381479694772,0.7217825327439715,0.6916381813691537
thresh10.0_step2.0,3,0.7209350707253221,1.3054359742508415,0.999391919573055,0.07134340748599866,0.7004919140716781,0.7267712152484481,0.7112141131548599,0.7056587508152221,0.7202611759913555,0.7370151811820791,0.7167962386495035,0.7762844880918257,0.7247102917378522,0.690147338310397
thresh10.0_step2.0,4,0.7204695611968875,1.3061880047104324,0.9993897535555897,0.07149202727184592,0.702598103099765,0.7263132852488112,0.7090733872904689,0.7038022470381874,0.7235043745625513,0.7376475759304424,0.7184619076719017,0.7746414751808915,0.7212845026594332,0.6873687532864236
thresh10.0_step2.0,5,0.7209577470964644,1.3053585793753213,0.9993862298529701,0.07169392052591068,0.7028145505392385,0.7252542716767482,0.7116074011745319,0.7055043349511577,0.7225854197413202,0.7418126266642306,0.7150157989630682,0.7768191969698611,0.7200952962191258,0.6880685740653616
thresh10.0_step2.0,6,0.7209454176937511,1.3052007507781513,0.9993896781231548,0.07149332598743259,0.7009171125625093,0.7250408724637402,0.7118838548562134,0.7045571582591107,0.7203191588471994,0.7405699378885295,0.7187942912990701,0.7733502919012726,0.7257209494242829,0.6883005494355825
thresh10.0_step2.0,7,0.7214218909490604,1.304449924957058,0.9993908555104969,0.07143032291352909,0.7030733187158439,0.7264842391087912,0.7099769361015243,0.7070301268968135,0.7219503072870841,0.737862824239316,0.7178433395744818,0.7753599981701074,0.7249071432205538,0.6897306761760879
thresh10.0_step2.0,8,0.7214123479542361,1.304415296767845,0.9993897488963961,0.07148978807858024,0.7026282570872506,0.7263060684001854,0.7117741867232061,0.7066413253131196,0.7223544011146998,0.7384376625517779,0.7187162086211958,0.7769105673693241,0.723661058638887,0.6866937437227145
thresh10.0_step2.0,9,0.7211287716714814,1.3049449618292837,0.9993871326502571,0.07164138928917455,0.70318763639622,0.7251187647224618,0.712346838761355,0.7054083641981221,0.7209488084155762,0.7378577436081624,0.7180311724290117,0.7756551144559731,0.7224281119558246,0.690305161772107
thresh12.0_step0.5,0,0.7146252355467914,1.3195411978576126,0.9995938784534267,0.06008833158835476,0.69550638317651,0.7131724548256174,0.7073756790081749,0.7036111683984041,0.7091385366191424,0.7302582356200564,0.7199438570315206,0.7667847352367656,0.7262014118487852,0.6742598937029374
thresh12.0_step0.5,1,0.7139208175662912,1.3206587282446947,0.999594828774069,0.0599983614527428,0.6921424627324585,0.7128686975898629,0.7054912024979487,0.704506323174672,0.7105224268851762,0.7273197557420743,0.7185682809226657,0.7665729601713349,0.7264847165551573,0.6747313493915618
thresh12.0_step0.5,2,0.7141258498653994,1.3202958986967261,0.9995961064724511,0.05993268817778916,0.6896361675338611,0.713386729223646,0.7096492328946287,0.7034659489401252,0.7085397810182401,0.7272563128647371,0.723716998790565,0.7668908666232721,0.7246133203328131,0.6741031404321056
thresh12.0_step0.5,3,0.7139401322971526,1.3205899352544335,0.9995937720393344,0.060073768087911525,0.6897167531721464,0.710621443732887,0.7091698111112418,0.7048790515475367,0.708741809669566,0.7298185106348867,0.7215605697071232,0.7682482050373671,0.7259406927118528,0.6707044756469183
thresh12.0_step0.5,4,0.7142596971243748,1.3202154671316972,0.999589844285433,0.060379468289293095,0.6895325667849417,0.7109090738196352,0.7078813065905345,0.7021194298381439,0.711612212576519,0.7312716635723339,0.7206389751361773,0.7678331790516004,0.7279888357768445,0.6728097280970179
thresh12.0_step0.5,5,0.714769434138717,1.3192266609894487,0.9995936893742744,0.060083956943769126,0.6927573416189444,0.7151473536385091,0.7073991830431081,0.7079427964263008,0.7094191611656315,0.728095930200046,0.7203804322593854,0.7682277266111337,0.7254417075767254,0.6728827088473859
thresh12.0_step0.5,6,0.7132117274597226,1.3218635933971972,0.9995935597591983,0.060097376715808094,0.6886396555179328,0.7094912773813243,0.7084853938495135,0.7038877862596595,0.7103474941121066,0.7296715763063562,0.7209409447647592,0.7679069586486946,0.7240952263392653,0.6686509614176132
thresh12.0_step0.5,7,0.7131790406860559,1.322138458213268,0.9995975313635859,0.05981368316119782,0.6914769524425457,0.7116826663211486,0.7083609634429912,0.7014371421508108,0.7129023880308265,0.7260710523582489,0.7174635571900769,0.7666852818817409,0.726055346979592,0.669655056062577
thresh12.0_step0.5,8,0.7149782259780405,1.3186150417113853,0.9995941406925566,0.06005031140350782,0.6891096678793791,0.7109269956560296,0.7118088285114913,0.7054393017392311,0.7094590509122927,0.7270961816878305,0.7220167732578043,0.7707108741087909,0.7294701875525076,0.6737443984750475
thresh12.0_step0.5,9,0.7133593587020058,1.3218733720656672,0.9995935967851226,0.06009183974942478,0.6898079516334157,0.7121130731961882,0.706275772563066,0.7039326425455735,0.7082484661804198,0.7296062992288547,0.7202119496901278,0.7662536163347106,0.7235275070552096,0.6736163085924927
thresh12.0_step1.0,0,0.7184131899037475,1.310922990536963,0.9996208595322497,0.05710666101700749,0.6938646908743131,0.7204038593004118,0.714997417917735,0.7031915025506446,0.7188295768692821,0.7335166235794686,0.7269779446406667,0.770046369630601,0.7224147124578104,0.6798892012165406
thresh12.0_step1.0,1,0.7169625297086402,1.313398249481006,0.9996249492732432,0.05679959117875434,0.6914870729097367,0.7249136093687963,0.71110712393382,0.7072688206915644,0.7170931454288594,0.7306714701082769,0.7181506148291508,0.770379198184203,0.7219785751777431,0.6765756664542519
thresh12.0_step1.0,2,0.7176864354313423,1.312171692903512,0.9996220891550678,0.05702609878379603,0.6967203748590063,0.7180149572269494,0.7110677219509451,0.7071838704554363,0.7157247331291068,0.7325893835329153,0.7222132993404966,0.7697470377487474,0.7238110216652449,0.6797919544045741
thresh12.0_step1.0,3,0.718607426233041,1.310342632227322,0.9996233928647704,0.05692828565621479,0.6967189615795406,0.7185904044603382,0.7143388773610818,0.7065862456557395,0.7186728656091458,0.7340125293374361,0.7230778473033551,0.7732990947332867,0.7218066413059555,0.6789707949845307
thresh12.0_step1.0,4,0.7176068502865893,1.312369470083579,0.9996215209670691,0.057078573634810635,0.6953234867757159,0.7165810195131249,0.7125383243442437,0.7061807049286153,0.7174254564093399,0.7328050446986956,0.7224153577754744,0.7692394552614771,0.7243350926545717,0.6792245605046333
thresh12.0_step1.0,5,0.7183759590059614,1.3110898786143725,0.9996244085115956,0.05684227281321643,0.6959486679390667,0.7207159422876162,0.7098325646531298,0.7087871391038711,0.7187932412391146,0.7330137451378881,0.7220318231068483,0.7724956979693541,0.7241486267392891,0.6779921418834349
thresh12.0_step1.0,6,0.7180194852475493,1.3115067119847448,0.9996267934111372,0.05666216341681154,0.6964631051043466,0.7166012486028932,0.7142115644899378,0.7080878084423201,0.7159599476225891,0.7350686217692968,0.7208271022586472,0.7700417805565656,0.72195393890178,0.6809797347271169
thresh12.0_step1.0,7,0.717876856946753,1.3119354329251816,0.9996253984177571,0.056769784881145056,0.6958718063982927,0.7225596450680534,0.7099084709119595,0.7081163302733469,0.7169701308554728,0.7321085412355587,0.72246132685664,0.7707336014493222,0.7214245061970757,0.6786142102218081
thresh12.0_step1.0,8,0.7177563650452164,1.3118388975521056,0.99962256675871,0.05698225013245406,0.6951746786075688,0.7155613767975234,0.7128700470771412,0.7052985668966771,0.7191583347452017,0.7318323424456852,0.7246056146447974,0.7710727971453145,0.7220486132098071,0.6799412788824473
thresh12.0_step1.0,9,0.7168860006219419,1.313691439588461,0.9996246830780777,0.056816021162504796,0.6951120685546771,0.7159807994029825,0.7098636752239125,0.7054828730384832,0.715502210300646,0.7329774472451549,0.7237051833390469,0.7687876883186227,0.721213317927266,0.6802347428686277
thresh12.0_step1.5,0,0.7196666494463677,1.3081518525806746,0.9996132988601631,0.05728372094694552,0.6993506920478134,0.7191720757744954,0.7132992444982821,0.7075535085851063,0.7256137873130776,0.7345914043956132,0.719939612610899,0.7691944142339983,0.7308560045205538,0.6770957504838371
thresh12.0_step1.5,1,0.7201887768422968,1.3070672282076914,0.9996139444494823,0.05723894929652575,0.7007629188755256,0.72044222786123,0.7138698332729321,0.7094964269378289,0.7242697474059927,0.7325356617253549,0.7186612442475346,0.7719134061815922,0.730021180100187,0.6799151218147899
thresh12.0_step1.5,2,0.7194346026640603,1.3084195256148008,0.9996106335161627,0.057487326440807784,0.6995824113665725,0.7216973908335934,0.7107988638743699,0.7055805471325725,0.7229101217435417,0.7322529903595614,0.723916066079199,0.7703935477259007,0.7299772165139522,0.6772368710113389
thresh12.0_step1.5,3,0.7207378557433215,1.3062877142256153,0.9996142429622161,0.057181838304719554,0.7010109947071861,0.7216746104245902,0.7140085688286657,0.7080258983468057,0.7262530021758165,0.7342780307820362,0.7229044957403756,0.7684375519019091,0.7312824097955397,0.6795029947302906
thresh12.0_step1.5,4,0.7197510461793122,1.308146157355433,0.9996120321559294,0.05737935629700639,0.6982453358133404,0.7212531402735303,0.7132978767199205,0.7062226172427297,0.7246837761501205,0.7351560496011234,0.7204862845462848,0.7702472989831558,0.7287889643385883,0.6791291181243279
thresh12.0_step1.5,5,0.7199230899993727,1.3075594493028864,0.9996129954761617,0.05730799917612418,0.6984255839391831,0.7223343361673731,0.7089942765511179,0.7070424273935765,0.723735143633518,0.7351551856423566,0.7212780211080235,0.7711777426506145,0.7310741555194793,0.6800140273884849
thresh12.0_step1.5,6,0.719292734973649,1.3087009965113323,0.9996147421156113,0.057179943283147086,0.699008106555496,0.7173340296166762,0.7116095120185482,0.7060389113498142,0.7241923407158399,0.7337760000094716,0.7186623333699023,0.7721837480252463,0.7323238908782286,0.6777984771972663
thresh12.0_step1.5,7,0.7193387230549957,1.3084706457404371,0.9996164148026638,0.057064270788591887,0.6986407216008501,0.7222351439461994,0.7127289569755288,0.7045364296615062,0.724735252064346,0.732087462315011,0.7230295068627712,0.769918140997751,0.7287109619347143,0.6767646541912784
thresh12.0_step1.5,8,0.7201433111751383,1.3069250790347953,0.9996106594047915,0.057462987687778154,0.7005708296031262,0.7216664291989718,0.7124732380315641,0.7083348861826813,0.7252796885633805,0.7323629937247103,0.7209966940838535,0.7717390774146473,0.7319066935635582,0.6761025813848898
thresh12.0_step1.5,9,0.7208972183481626,1.3058872025179238,0.999616455221292,0.057033336286628156,0.7020350496025516,0.7206387770740719,0.7140237708298898,0.7062296413517744,0.7233203940209371,0.7359866443096906,0.7233823691036069,0.7702760721029663,0.730444769814717,0.6826346952714204
thresh12.0_step2.0,0,0.720925026877829,1.3049032170594184,0.9995799779288468,0.05929934126625932,0.7028326740682276,0.722719692581743,0.714181989782319,0.7061775700456996,0.7253701284023062,0.7338983660283216,0.7182898755599822,0.7768966313541993,0.7258497902336511,0.6830335507218406
thresh12.0_step2.0,1,0.7197735671640423,1.3070326356305513,0.9995876022472856,0.058743490063486795,0.7024670614508408,0.7224033316033598,0.7096842884142296,0.6998675969845574,0.7233941824611263,0.7363274986415242,0.7225891042995771,0.7792284796353031,0.7255780327539217,0.6761960953959825
thresh12.0_step2.0,2,0.719335463468542,1.3077932790023317,0.9995860781317718,0.05885556311289262,0.697645674819232,0.7241113605926826,0.7117094673579607,0.7057192741123277,0.7229918805538,0.7337657606850286,0.7212512145055547,0.774939409918481,0.7213384073507684,0.6798821847895844
thresh12.0_step2.0,3,0.719922920911429,1.3069319641807178,0.9995835493748915,0.05902729578891237,0.6994185832990577,0.7227845279104155,0.7095902481088193,0.7043505427773047,0.7253551128904385,0.7370555211332277,0.7186975418564574,0.77684866339895,0.7246258633537156,0.6805026043859037
thresh12.0_step2.0,4,0.7202259200116666,1.306011588683547,0.99958665292174,0.0588201780699353,0.6998026798115672,0.7248601701591957,0.709852767442929,0.705624823953268,0.7243173714341948,0.7349602695759196,0.7180585331078451,0.7788419204405546,0.7248561266307911,0.6810845375604008
thresh12.0_step2.0,5,0.7208471202136696,1.3052364625930888,0.9995838878320257,0.05899858458170822,0.7039696507396513,0.7243018523117082,0.7048733424960093,0.7046022985561579,0.726060707173163,0.7373618157343967,0.7227018753959606,0.7773033490078369,0.7249390212193275,0.6823572895024846
thresh12.0_step2.0,6,0.7207840538999563,1.3054078485657765,0.9995824298182396,0.05910473663510792,0.7046437443120503,0.7252177720552342,0.7105677328122604,0.7063133807133211,0.7226599781899579,0.7351236791607618,0.7196574335961566,0.7750571246027137,0.7241511516474085,0.6844485419096986
thresh12.0_step2.0,7,0.7208061312695003,1.3052156919439302,0.9995857869998431,0.058888377854475905,0.701309638683955,0.7234232150957867,0.7112483879702635,0.7054245943440395,0.7242117373336829,0.7349236285566317,0.7212926915202613,0.7773529546743028,0.7244075138307523,0.6844669506853274
thresh12.0_step2.0,8,0.7206225577508243,1.3058035499404195,0.9995842375739423,0.05898826658869122,0.7062235330468134,0.7247826572827771,0.7100517201674923,0.7049355302817337,0.7243518437634199,0.7346550330017585,0.7232486146031343,0.7724199968196317,0.7252417097834652,0.6803149387580162
thresh12.0_step2.0,9,0.7207736823853221,1.3050554433765456,0.9995860815791111,0.05884729738807336,0.7047116088171519,0.7229359490170513,0.7109607290959759,0.7048279959219128,0.7236686224143551,0.7369517320156923,0.7203030079671184,0.776074344526003,0.7238752461941331,0.6834275878838278
thresh6.0_step0.5,0,0.7072843519700636,1.333072205075307,0.9976463375759232,0.14433542660056017,0.6897488317925156,0.7026915043557391,0.699943236661034,0.6928168934786114,0.7093586023619898,0.7258350461840996,0.6967173033448066,0.7665840993932926,0.7136674107442084,0.6754805913843388
thresh6.0_step0.5,1,0.7091463857340318,1.3298227177616206,0.9976482441943147,0.1442601878285174,0.6907479894522475,0.7031721144275545,0.6996163503528439,0.6959636203680355,0.7096684066469197,0.728327557640382,0.7005639577422638,0.765107185206747,0.7211414724010592,0.6771552031022645
thresh6.0_step0.5,2,0.7075624078098884,1.3324662066347313,0.9976500813515479,0.14422021153069844,0.6896256445159386,0.7041753956262388,0.698793804113547,0.6955493864805486,0.7081657828108198,0.7241031110741598,0.6948807653165463,0.7632385440154121,0.7194515072748193,0.6776401368708539
thresh6.0_step0.5,3,0.7086093832935607,1.3309411911004445,0.997669215429649,0.14359644282971437,0.6911473034183617,0.7041907817887824,0.7029381318304567,0.6968422447736216,0.7094641559908503,0.7246699212132096,0.6926154108254194,0.7645995812658852,0.7211181033094556,0.6785081985195647
thresh6.0_step0.5,4,0.7078133874526074,1.3321754453947916,0.9976464266095743,0.14433462304525224,0.6919743963751273,0.706428588981084,0.701262950123354,0.6952632497625686,0.7097606935939209,0.7253103333431343,0.694472844479175,0.7624744946656001,0.7158306720015013,0.6753556512006091
thresh6.0_step0.5,5,0.7069291365566466,1.3337658124774463,0.9976568085113012,0.1439818902115334,0.687421683824381,0.7027823267540003,0.7017192050305573,0.6939061845637873,0.7093717837410902,0.7238599654647649,0.6921902292741493,0.7651675418520804,0.7177342992929949,0.6751381457686609
thresh6.0_step0.5,6,0.7074912406637672,1.3328787179015866,0.9976476702610203,0.14430530616922824,0.6893525826934562,0.7062540788912663,0.702164582326579,0.692135571936874,0.7065513344715637,0.7247216303002688,0.6943350981336653,0.7644455937788097,0.7192697794863248,0.6756821546188638
thresh6.0_step0.5,7,0.7083370138798936,1.3311236270624163,0.9976463176026453,0.14434828907489278,0.6892366412116991,0.7053307582388453,0.7022584284460651,0.6970790543121621,0.7057894319185797,0.7286470154501257,0.6950447138339292,0.7656255552018052,0.7171733515918465,0.6771851885938782
thresh6.0_step0.5,8,0.7077812730593234,1.33237745921052,0.9976399739490855,0.14447525635660394,0.6897114611289116,0.7044983459553862,0.6984597490549583,0.6977903316376362,0.7097650114933035,0.7263607081685639,0.6971523793755696,0.7637673621134023,0.7154050531582763,0.6749023285072255
thresh6.0_step0.5,9,0.7080284945441377,1.3317009739506551,0.9976443329109314,0.1443356257728548,0.6929384495580921,0.7009838854071015,0.7010133737341415,0.6973149036596843,0.7062453626315284,0.7235655175820364,0.6942204090956735,0.7625702932011106,0.7229461265565889,0.6784866240154204
thresh6.0_step1.0,0,0.7094172051886712,1.327778887904168,0.9981776911409723,0.12564782517502224,0.6896660388780821,0.7102938739789233,0.7004412150747952,0.6962510221228367,0.7168447204494361,0.7257847888804185,0.6968950730010585,0.7633382386250023,0.7168184621401483,0.6778386187360115
thresh6.0_step1.0,1,0.710173882675583,1.3266616499069912,0.9981825235137662,0.12548253283505573,0.6944589837428234,0.7132456025206685,0.7019010205760084,0.6976759164903183,0.7128928458437055,0.7246966962503325,0.6965333146483919,0.7636959637983658,0.7199975951558744,0.6766408877293417
thresh6.0_step1.0,2,0.7098058197990712,1.3272436340931413,0.998190061990185,0.1252101321367481,0.6937854717841456,0.7109710394751331,0.7031430475049322,0.6932242999930607,0.718184543730053,0.7282553685096507,0.6975444787302427,0.7616064914064902,0.7140479368259078,0.6772955200310967
thresh6.0_step1.0,3,0.7100811840010695,1.3265872949873034,0.9981948682482524,0.12505159607733374,0.6933390759968452,0.7127703864459635,0.704131215038038,0.6970863025800733,0.715841067508943,0.7301443689054661,0.6940534166854202,0.7614272146421835,0.7144375841253217,0.6775812080824396
thresh6.0_step1.0,4,0.710732011489579,1.3256480678803193,0.9981779009260331,0.125644566453382,0.694467536415183,0.713009730764745,0.7029250916248345,0.6954601066698334,0.7171535742867814,0.7262136515011882,0.6991637026318895,0.766335368798982,0.7174793848890805,0.6751119673132715
thresh6.0_step1.0,5,0.7109546465678852,1.3250780708967513,0.9981802053463837,0.12554713664837547,0.6916660869631286,0.7144095142672625,0.7046480350072077,0.6941541987868112,0.7170775481985071,0.7268848965234205,0.6967994748912637,0.7661392343066388,0.7197180983533081,0.6780493783813033
thresh6.0_step1.0,6,0.709866535402947,1.3271690457101548,0.9981977845175816,0.1249614267272405,0.6946751934313573,0.7119940790025288,0.7029709708265008,0.693825903857885,0.7120014451161767,0.7235051934494143,0.6956363751171653,0.7668282944176998,0.7205683891151903,0.6766595096955517
thresh6.0_step1.0,7,0.7094594278858148,1.3279288301040997,0.998189334555906,0.12525167157912892,0.6961345081520537,0.7112553685969996,0.7005272748454718,0.6931871938868,0.7161969037613607,0.7286453289097058,0.6972431296350788,0.761444630237468,0.7160140562065493,0.6739458846266615
thresh6.0_step1.0,8,0.710738037195208,1.3252948971916836,0.9981824921743083,0.12547182015860056,0.69729767544401,0.7119900935769692,0.7063305369298875,0.6946313945640308,0.7143855424510185,0.7256141779467244,0.6945197150200202,0.7631623428234593,0.7210716255484577,0.6783772676475028
thresh6.0_step1.0,9,0.7100978239579364,1.3264602104687278,0.9981823982281888,0.1254674889862298,0.6946181347221945,0.7135743890162638,0.7021867606093946,0.696670441274188,0.7158860474139364,0.7289915776105513,0.689634414891237,0.7640321013375113,0.7172474583058255,0.6781369143982616
thresh6.0_step1.5,0,0.7141563841546958,1.3191185513851291,0.9982928970864229,0.12105809810100683,0.6976835903922272,0.7176204236896842,0.7054788075005567,0.6975026191237659,0.7172032679915441,0.7288900867239382,0.6972818191733057,0.7689592403257678,0.7280446205658202,0.682899366060349
thresh6.0_step1.5,1,0.7132188426813709,1.3207736074367147,0.9982889322918534,0.1211865202472685,0.6987771534484153,0.7137215199837806,0.7044309946903754,0.6983957050179238,0.7162163855609665,0.7274685170098589,0.695350014158203,0.7681768183713396,0.7287475186370795,0.6809037999357674
thresh6.0_step1.5,2,0.7137393217689899,1.3196951468653606,0.9982803534464377,0.12147750330594671,0.7016043362387243,0.7145049919323009,0.7062659423527458,0.6978775721608443,0.7195821251467078,0.7281073898094531,0.6957911023912309,0.7659068203307331,0.72633530591612,0.6814176314110392
thresh6.0_step1.5,3,0.7135942262877302,1.3197936482672004,0.9982853526234535,0.12127859481256434,0.6996842623411952,0.715502221914191,0.7079626099212195,0.6932620032963471,0.719375766747157,0.7262455840008365,0.700784225174884,0.7639289638227231,0.7259518157572432,0.6832448099015053
thresh6.0_step1.5,4,0.7125163039393247,1.3221637923534288,0.9982794703618953,0.12148739290795318,0.6984206807294431,0.7155623982775463,0.7048732631378201,0.6974361395173441,0.715441157182469,0.7282856817218945,0.6949529748741601,0.7651755902308701,0.7247728488671172,0.6802423048545835
thresh6.0_step1.5,5,0.7139474721555108,1.3193960922668357,0.9982742227845142,0.12170527947155743,0.701839650565078,0.7172823214098599,0.7065801150529603,0.6992437320494085,0.7156358828195125,0.7260165728915515,0.6965142949007207,0.7678172982094515,0.7253813186056335,0.6831635350509312
thresh6.0_step1.5,6,0.7135618219263511,1.3202781689551497,0.9982751143881515,0.12167378894939537,0.7005769561812447,0.7141159175026115,0.7018972220380714,0.69624516901164,0.7171823890394184,0.7286691382327604,0.6955031200654563,0.7661139074557286,0.7312493237605604,0.6840650759760201
thresh6.0_step1.5,7,0.7135497924803456,1.3201011752435572,0.9982893633043644,0.12115268213814494,0.7009921188231604,0.714796627455251,0.7053705145153548,0.6982225257328658,0.7164895254081981,0.7251508598709069,0.6990032439163223,0.7662266948843709,0.7264658394588195,0.682779974738206
thresh6.0_step1.5,8,0.7141622744853826,1.318764580338952,0.998285827123196,0.12123573214310408,0.6998255344976186,0.7162025099278871,0.7058331726182704,0.6959658060990767,0.7160975827299159,0.7262586276132281,0.6978364981717109,0.7705562977887948,0.7285833988543141,0.6844633165530087
thresh6.0_step1.5,9,0.7138781341380891,1.3197058910393358,0.9982864732091988,0.12124169640409188,0.7009176039570328,0.7147691599756749,0.7061439823052453,0.6977893767940504,0.7186625820073558,0.7238308316720284,0.6938574268100374,0.7665475498355605,0.7313897245579075,0.6848731034659972
thresh6.0_step2.0,0,0.7142659037336603,1.3177967786192206,0.9983299540341044,0.1182741642494384,0.6956550345962094,0.7208106645624026,0.7049244699024522,0.6991020592353605,0.7174416684135346,0.731563485712005,0.7049068518289384,0.7726356525821043,0.7147414485998165,0.6808777019037802
thresh6.0_step2.0,1,0.7141896810453117,1.3181570779692549,0.9983243237194811,0.11843546084519121,0.6973808925276777,0.7236605374674341,0.7048890099563366,0.6967620590389573,0.7187305753483536,0.7306522349439596,0.7034153549497881,0.7716699432323869,0.713781472106541,0.6809547308816823
thresh6.0_step2.0,2,0.713220083568912,1.319800222304568,0.9983233285369384,0.11848475227440365,0.6964907921449655,0.7227734738274366,0.7047595521355254,0.6937304108496465,0.7212697224640775,0.7306144219538512,0.6991469713521077,0.7733686685138734,0.7107932682681772,0.6792535541794591
thresh6.0_step2.0,3,0.7145545597506654,1.3173354643538489,0.9983323376071528,0.11812750056079949,0.6952487173638202,0.7220862815525486,0.7052426298323403,0.6967879990321884,0.7221439378112593,0.7308664687793403,0.7073941370210148,0.7741714252612728,0.7115932533052162,0.6800107475476526
thresh6.0_step2.0,4,0.7141301524319914,1.318106738103864,0.9983151401442397,0.11877261317229966,0.6987946560726319,0.7210055532777699,0.7052806535890224,0.6951424221391234,0.7195230794721181,0.7333183393910923,0.7034060455197604,0.7707599253104342,0.711453523582152,0.6826173259658097
thresh6.0_step2.0,5,0.7144276879783682,1.3178881877546633,0.9983314855733496,0.1181926553218148,0.6947207976302496,0.7226926143991341,0.7074610386007532,0.6961860590188893,0.7176482690972428,0.729600279694393,0.7036530227553428,0.773538513203698,0.7165980701697172,0.6821782152142615
thresh6.0_step2.0,6,0.7133767313574845,1.3196293101223993,0.9983202782625223,0.11857157063369872,0.6928557782311762,0.7203445356240086,0.705870901721714,0.6941277805754108,0.7220416670323202,0.7287258298862191,0.7003350406956896,0.7737290688198029,0.716462905351955,0.6792738056365482
thresh6.0_step2.0,7,0.7138542703546982,1.3188902145579944,0.9983289866381417,0.11827111488735739,0.6961210913953976,0.7226135657786722,0.7033266106899855,0.6945763329345941,0.7206682298445637,0.7308078807476874,0.7020788318888976,0.7730564053708671,0.7146844088804347,0.6806093460158817
thresh6.0_step2.0,8,0.7141981416981308,1.318224503381773,0.9983230371828606,0.11847368408447385,0.6966522352686784,0.7239981581076641,0.7056920759553593,0.6975138941104854,0.7192650611738718,0.7335634003391642,0.6974123488267312,0.770395496196744,0.7131998758459948,0.6842888711566135
thresh6.0_step2.0,9,0.7146980177244846,1.3170827522614719,0.9983281955425196,0.11831007794583244,0.6960200948438534,0.7217587529867486,0.7034528507405527,0.6958192339897638,0.7223207938553922,0.7314797009967533,0.7041722717483017,0.7729676006678611,0.7171454229998155,0.6818434544158041
thresh8.0_step0.5,0,0.7110724064493057,1.3262525593729753,0.9988423554203514,0.1015570381103809,0.6889005748186021,0.7058529668851652,0.7066058080502486,0.699155258553859,0.7044670791490744,0.7291994093268129,0.7122173794531992,0.7662189900039855,0.7177828848906458,0.6803237133614642
thresh8.0_step0.5,1,0.7122029473464254,1.323943327665022,0.9988402228284888,0.10163684773431607,0.6876798701483252,0.7078675429149364,0.7069072609467565,0.7025118471968618,0.7063055594313806,0.7328957842064736,0.712591101370111,0.7653822944861755,0.7171675203017183,0.682720692461515
thresh8.0_step0.5,2,0.7114681094931019,1.3251231043591505,0.9988553209678788,0.10097766123260007,0.6863652527582134,0.7100860958879045,0.7074373417543613,0.7013978656700866,0.7021184937628899,0.730272248536711,0.7101878469410845,0.7670528172979956,0.7206831732618786,0.679079959059893
thresh8.0_step0.5,3,0.7122187091132176,1.3241920406840424,0.9988467887840697,0.10133959296720227,0.689718005887197,0.7103129246232651,0.7049471580870208,0.7014523343002985,0.7046293344401597,0.7298292830004749,0.7133644159628401,0.7664898144187672,0.7197342553154459,0.6817095650967073
thresh8.0_step0.5,4,0.7125953068844743,1.323390415889569,0.9988526373011843,0.1010931861012919,0.6940240658591987,0.7098372935285842,0.7051026842135018,0.7011856427021638,0.7071983540070766,0.7281552199709571,0.7133596476297346,0.7672418538140258,0.7174706126424577,0.6823776944770416
thresh8.0_step0.5,5,0.7110508571451593,1.3262697338906508,0.9988473268620994,0.10132631033569235,0.6897575649420938,0.7104256555013422,0.7043272176201165,0.6977811824561961,0.7043547847334484,0.7275671080263999,0.7116083500620719,0.7678947985316429,0.71623997853245,0.6805519310458312
thresh8.0_step0.5,6,0.7121364536287983,1.324064931565363,0.9988399386884395,0.10166238983099438,0.690187350083284,0.7101477334791417,0.7075105466661236,0.7035841218366936,0.707640317239254,0.7295442038343678,0.7110708346761938,0.7657472137935315,0.7162962786034683,0.679635936075925
thresh8.0_step0.5,7,0.7118805726856607,1.3244651630950712,0.9988467925375577,0.1013442064649464,0.6883730544170936,0.7052404282011724,0.7059662210986731,0.702561108330688,0.7043566758212848,0.7336534459406523,0.7137777361887376,0.7697107760291222,0.7155393055587453,0.679626975270438
thresh8.0_step0.5,8,0.7117155801286804,1.324939316480775,0.9988480136675971,0.10129548862980686,0.6861425568791979,0.7106830992561567,0.7044417932285592,0.7039212827425942,0.7042360090131349,0.7303262831683301,0.7142304879052237,0.7654636694896788,0.7164997139846376,0.6812109056192921
thresh8.0_step0.5,9,0.7117023862722907,1.3251084375565725,0.998847438488119,0.10131225423696721,0.6905612513795563,0.7100865716961064,0.7025414225558475,0.7004856487790992,0.7047052439565229,0.7311766784512858,0.7146425375707931,0.7643098165630793,0.7159495653416931,0.6825651264289236
thresh8.0_step1.0,0,0.7177916335586788,1.3123809636092385,0.9990407019260606,0.09109239697512019,0.6954779875890778,0.717077412639535,0.714003837167994,0.7045165055130038,0.7128993930259007,0.7341945403587463,0.7181442964248232,0.768183504565104,0.7203019317600863,0.693116926542517
thresh8.0_step1.0,1,0.7175991817426539,1.3126835672539185,0.999041352382427,0.09104382399200785,0.6992815679915543,0.7124242226102435,0.7116924581847036,0.7073763842609297,0.7140188608624874,0.7314257782788673,0.7158749494237747,0.7706879442880279,0.7225443104384316,0.6906653410875188
thresh8.0_step1.0,2,0.7174422343534439,1.313246481939966,0.9990437723917104,0.09093696521609511,0.7022160015981633,0.7163246447468272,0.7091643517804924,0.707728042173944,0.7103404753542968,0.7305050408536302,0.7174519364341252,0.7695885471193638,0.7190721046119339,0.6920311988616621
thresh8.0_step1.0,3,0.7170837587630956,1.313553416743638,0.9990459517376061,0.09082011967352019,0.6969820200781897,0.7163577449440787,0.7111538697269686,0.7071166756949121,0.7115170880962187,0.7322518637322082,0.7165318989863001,0.7671255533018841,0.7224306125772647,0.6893702604929318
thresh8.0_step1.0,4,0.7169310561350902,1.31381888929084,0.9990409035388632,0.09105879043185047,0.6976827589219088,0.714796131060119,0.7114152324508509,0.7032861238645649,0.7108233821743092,0.7316868327285317,0.7160133956956534,0.7700085651484435,0.7216396023292249,0.6919585369772969
thresh8.0_step1.0,5,0.7176778539713291,1.3126803204282982,0.9990363065333747,0.09128156462912414,0.7006060658998965,0.7127624306321318,0.7096661439220091,0.7063399496212475,0.7140288465235015,0.7315427920454256,0.7159623163059476,0.7716841466880158,0.7234554923090429,0.6907303557660722
thresh8.0_step1.0,6,0.7174365820186035,1.3131917976662577,0.999046162382089,0.09081297156136675,0.6970016340893117,0.7167794364717853,0.7094193481563504,0.7075267559621902,0.7145806136047163,0.7331861590768822,0.7116940800499185,0.7683045305778008,0.7216437477182902,0.6942295144787893
thresh8.0_step1.0,7,0.7174938732596992,1.313208564805893,0.999041659491094,0.09102061837739975,0.6975514522359665,0.7138050940700493,0.7146831765072177,0.7065149127825034,0.7122675707932564,0.7291768804270342,0.7170378647336124,0.7695263507036717,0.7212721210984757,0.6931033092452041
thresh8.0_step1.0,8,0.7169873165053244,1.3136723768609708,0.9990403883598006,0.09106915245267691,0.6956827552078502,0.7129653036295049,0.7110462890183918,0.7062476937001225,0.7123580310376424,0.7313427065550624,0.714933804188907,0.7719421647546822,0.7215438710186368,0.6918105459424431
thresh8.0_step1.0,9,0.7167740251481652,1.3144586867300088,0.999036448019633,0.09125202068385431,0.6973966743220665,0.715673295327911,0.7103948159421136,0.7028879740970646,0.7120492249924577,0.731892517809143,0.7161355390683621,0.7691290351451804,0.7203768869876586,0.6918042877896947
thresh8.0_step1.5,0,0.7170886100329017,1.3128094564443509,0.9990657743369049,0.0890928245052875,0.7002440506719927,0.7209135437842165,0.7057855523465362,0.6988919515354806,0.7186553948640306,0.7312680720346039,0.7129415570390972,0.769349994912045,0.7266524992498277,0.6861834838911871
thresh8.0_step1.5,1,0.7178789365826245,1.3109542915095354,0.9990513997575897,0.0897502823050616,0.701929479289539,0.7181929852585567,0.7082047615275454,0.7028455009620659,0.7176959921092629,0.729031941149944,0.7114154506511949,0.7752081998277721,0.7274045150755768,0.6868605399747871
thresh8.0_step1.5,2,0.7188771833241707,1.3095428916852145,0.9990603425036889,0.08932514536034421,0.7034246423097834,0.7208322379695795,0.7085566366830705,0.7017804894123325,0.720096964427704,0.730387700446093,0.7155707311801294,0.77325356399985,0.729383931302372,0.6854849355107929
thresh8.0_step1.5,3,0.7180684445860379,1.3110052438356576,0.9990624574156906,0.08919124624787875,0.6979908638805532,0.7180897956313961,0.7074922428892785,0.7000032515723291,0.7188910500243373,0.7301352650435743,0.7174030966713099,0.7741900289062698,0.7275692495561277,0.6889196016852033
thresh8.0_step1.5,4,0.7176740053610204,1.3118672332544032,0.9990655358400213,0.08905124741133925,0.7003896059745469,0.7192046445751893,0.7060337971019919,0.6995269688445814,0.7186842454934658,0.7290046552075049,0.7165080502582953,0.7721521709388842,0.7291918141172291,0.6860441010985165
thresh8.0_step1.5,5,0.7178367837253371,1.3112829132202855,0.9990556699878045,0.08952601342239988,0.6983127977248667,0.7187327463578668,0.7078454255912411,0.6999052670762818,0.7170525820310891,0.7313658922858872,0.7195522934405316,0.7732599230369019,0.7265021046357638,0.6858388050729403
thresh8.0_step1.5,6,0.7177391282494066,1.3119026934950877,0.9990576511150563,0.08945340501392181,0.7013991461633271,0.7193368354951917,0.7051204128195607,0.6994136461179711,0.7197877848040419,0.7288834345910078,0.7176359660099774,0.7711911832859537,0.7257300555200991,0.6888928176869349
thresh8.0_step1.5,7,0.718366985364225,1.310451707860914,0.9990666322279061,0.08900719946696997,0.7003714631645204,0.7209563355381312,0.707197532732893,0.7006241550251668,0.7192200165734256,0.7318196244373585,0.7144069827275347,0.7728252403898584,0.7275673653705316,0.6886811376828306
thresh8.0_step1.5,8,0.7180339394718775,1.3109303639638388,0.9990565243538028,0.08948157933244519,0.7006995924763226,0.7196536645917155,0.709317946437691,0.7019505222064844,0.7195976704753997,0.7300772449358119,0.715364505877492,0.7701189321174937,0.7275783344495694,0.6859809811507961
thresh8.0_step1.5,9,0.717928507406345,1.3112729756141128,0.9990621744701391,0.08922465943814001,0.7018078523864898,0.720298845501871,0.7077396357555308,0.6988885685662962,0.721865831450261,0.7287631471518179,0.7162113628617537,0.770827019905765,0.7270688994988252,0.68581391098484
thresh8.0_step2.0,0,0.7184196554962143,1.3097149461186646,0.9990429774831077,0.08960415110941174,0.700565013461988,0.7222403195807319,0.7065488799259763,0.7036564413978748,0.721047548720279,0.7334595665447174,0.7143437827194722,0.7775071515645087,0.7157892424940917,0.6890386085525039
thresh8.0_step2.0,1,0.7185720338209087,1.309145013074366,0.9990467748814785,0.0894073168709478,0.7002372218224714,0.7207636963570587,0.709170639811656,0.7033447338425833,0.7211178545389061,0.734111779711483,0.7156104364117071,0.7794014829711842,0.7151489927257584,0.686813500016279
thresh8.0_step2.0,2,0.7173668676121725,1.3117683242492746,0.9990464920467979,0.08941428247602168,0.6998562276927401,0.7214972714173257,0.7058576209770897,0.7008272477380345,0.7187124514159997,0.7353696406926413,0.7122191884207237,0.7773405790207109,0.7125783484795104,0.6894101002669485
thresh8.0_step2.0,3,0.7181616776785577,1.3100194386684794,0.999049317424574,0.08928347249131272,0.7012383803639981,0.7211402109217547,0.7051976326454781,0.7023957867927124,0.7198395243133144,0.734593525640763,0.7147058484254902,0.7765236248349013,0.717399505623765,0.6885827372233994
thresh8.0_step2.0,4,0.7177105769498532,1.3107493800266092,0.999052059383024,0.08915992088075515,0.6991632418727804,0.7200973381666969,0.7084377276500394,0.7017595516141395,0.7173308675945687,0.7335886800986492,0.7135858338650409,0.7767062628738081,0.7174286600933532,0.6890076056694554
thresh8.0_step2.0,5,0.7191858996129834,1.3080862374409086,0.9990464234503291,0.0894079156103315,0.7016355647683794,0.7222982571868103,0.7058479767188345,0.7020529004072874,0.7196712256280235,0.7369901454552854,0.7142046663969015,0.7799867877332503,0.7165824151597668,0.6925890566752955
thresh8.0_step2.0,6,0.7180243184950988,1.3103064799459248,0.9990454848795853,0.0894724105139808,0.7003749780715265,0.7231773526133469,0.707395634515108,0.7001474222197035,0.7198783964977871,0.7320730819435812,0.7157126723054834,0.7753511153299626,0.7165850212822482,0.6895475101722408
thresh8.0_step2.0,7,0.7179377167550226,1.3105367971026036,0.9990557971575361,0.08898034016315408,0.6981981842913946,0.7222160552647371,0.7074431309288717,0.701665329367528,0.7190050177192564,0.7330452610685845,0.7125450609459238,0.7804306289454261,0.7157827305740435,0.6890457684444599
thresh8.0_step2.0,8,0.7181843873430604,1.3098230110686802,0.9990482943796414,0.08931637767958907,0.7020931775044923,0.721707627994375,0.7084288098205012,0.6981774652600726,0.7230625805016577,0.7359017561201655,0.715277414779282,0.7756607101054516,0.7124955514766502,0.6890387798679568
thresh8.0_step2.0,9,0.7181604795476518,1.310269358808379,0.9990491851624264,0.08926989631845636,0.7026976654767982,0.7196842033070103,0.7083105564065697,0.6994487073285238,0.721401540869557,0.735229422926361,0.7124053342251452,0.7773685245928681,0.7154157156228547,0.6896431247208309
